img_name,label
25.jpg,25
27.jpg,27
28.jpg,28
30.jpg,30
30(1).jpg,30
31.jpg,31
32.jpg,32
32(1).jpg,32
33.jpg,33
33(1).jpg,33
33(2).jpg,33
34.jpg,34
34(1).jpg,34
35.jpg,35
35(1).jpg,35
35(2).jpg,35
35(3).jpg,35
36.jpg,36
36(1).jpg,36
36(2).jpg,36
36(3).jpg,36
37.jpg,37
38.jpg,38
39.jpg,39
40.jpg,40
40(1).jpg,40
40(2).jpg,40
40(3).jpg,40
41.jpg,41
42.jpg,42
42(3).jpg,42
43.jpg,43
43(2).jpg,43
44.jpg,44
44(1).jpg,44
44(2).jpg,44
44(3).jpg,44
45.jpg,45
45(1).jpg,45
45(2).jpg,45
45(3).jpg,45
45(4).jpg,45
46.jpg,46
46(1).jpg,46
46(3).jpg,46
47.jpg,47
47(1).jpg,47
47(2).jpg,47
47(3).jpg,47
47(4).jpg,47
48.jpg,48
48(1).jpg,48
48(2).jpg,48
48(3).jpg,48
49.jpg,49
49(1).jpg,49
49(2).jpg,49
50.jpg,50
50(1).jpg,50
50(2).jpg,50
51.jpg,51
51(1).jpg,51
52.jpg,52
52(1).jpg,52
53.jpg,53
53(1).jpg,53
53(2).jpg,53
53(3).jpg,53
54.jpg,54
55.jpg,55
55(2).jpg,55
56.jpg,56
57.jpg,57
57(1).jpg,57
57(2).jpg,57
58.jpg,58
58(1).jpg,58
59.jpg,59
59(1).jpg,59
59(2).jpg,59
59(3).jpg,59
60.jpg,60
60(1).jpg,60
60(2).jpg,60
61.jpg,61
61(1).jpg,61
61(2).jpg,61
62.jpg,62
63.jpg,63
63(1).jpg,63
63(2).jpg,63
64.jpg,64
64(1).jpg,64
64(2).jpg,64
65.jpg,65
65(2).jpg,65
65(3).jpg,65
67.jpg,67
67(1).jpg,67
68.jpg,68
69.jpg,69
69(1).jpg,69
70.jpg,70
73.jpg,73
74.jpg,74
74(1).jpg,74
74(2).jpg,74
75.jpg,75
77.jpg,77
77(1).jpg,77
81.jpg,81
81(1).jpg,81
82.jpg,82
82(1).jpg,82
83(1).jpg,83
84.jpg,84
84(1).jpg,84
85.jpg,85
85(1).jpg,85
85(2).jpg,85
86.jpg,86
86(1).jpg,86
86(2).jpg,86
87.jpg,87
94.jpg,94
98.jpg,98
99.jpg,99
101.jpg,101
102.jpg,102
106.jpg,106
111.jpg,111
112.jpg,112
115.jpg,115
118.jpg,118
119.jpg,119
128.jpg,128